DateTime,Heart Rate,Fasting
01/01/2020 00:00,66,
02/01/2020 00:00,67,
03/01/2020 00:00,66,
04/01/2020 00:00,65,
05/01/2020 00:00,69,
06/01/2020 00:00,70,
07/01/2020 00:00,70,
08/01/2020 00:00,70,
09/01/2020 00:00,69,
10/01/2020 00:00,67,
11/01/2020 00:00,71,
12/01/2020 00:00,65,
13/01/2020 00:00,66,
14/01/2020 00:00,66,
15/01/2020 00:00,71,
16/01/2020 00:00,71,
17/01/2020 00:00,70,
18/01/2020 00:00,72,
19/01/2020 00:00,67,
20/01/2020 00:00,70,
21/01/2020 00:00,69,
22/01/2020 00:00,71,
23/01/2020 00:00,69,
24/01/2020 00:00,68,
25/01/2020 00:00,71,
26/01/2020 00:00,71,
27/01/2020 00:00,68,
28/01/2020 00:00,69,
29/01/2020 00:00,67,
30/01/2020 00:00,63,
31/01/2020 00:00,70,
01/02/2020 00:00,71,
02/02/2020 00:00,70,
03/02/2020 00:00,65,
04/02/2020 00:00,69,
05/02/2020 00:00,64,
06/02/2020 00:00,73,
07/02/2020 00:00,67,
08/02/2020 00:00,73,
09/02/2020 00:00,72,
10/02/2020 00:00,68,
11/02/2020 00:00,67,
12/02/2020 00:00,71,
13/02/2020 00:00,68,
14/02/2020 00:00,70,
15/02/2020 00:00,69,
16/02/2020 00:00,66,
17/02/2020 00:00,65,
18/02/2020 00:00,71,
19/02/2020 00:00,69,
20/02/2020 00:00,69,
21/02/2020 00:00,72,
22/02/2020 00:00,73,
23/02/2020 00:00,70,
24/02/2020 00:00,69,
25/02/2020 00:00,72,
26/02/2020 00:00,67,
27/02/2020 00:00,71,
28/02/2020 00:00,72,
29/02/2020 00:00,72,
01/03/2020 00:00,66,
02/03/2020 00:00,69,
03/03/2020 00:00,68,
04/03/2020 00:00,71,
05/03/2020 00:00,72,
06/03/2020 00:00,74,
07/03/2020 00:00,69,
08/03/2020 00:00,69,
09/03/2020 00:00,73,
10/03/2020 00:00,71,
11/03/2020 00:00,74,
12/03/2020 00:00,71,
13/03/2020 00:00,68,
14/03/2020 00:00,67,
15/03/2020 00:00,67,
16/03/2020 00:00,72,
17/03/2020 00:00,73,
18/03/2020 00:00,75,
19/03/2020 00:00,73,
20/03/2020 00:00,73,
21/03/2020 00:00,69,
22/03/2020 00:00,68,
23/03/2020 00:00,73,
24/03/2020 00:00,71,
25/03/2020 00:00,71,
26/03/2020 00:00,71,
27/03/2020 00:00,71,
28/03/2020 00:00,74,
29/03/2020 00:00,74,
30/03/2020 00:00,72,
31/03/2020 00:00,72,
01/04/2020 00:00,72,
02/04/2020 00:00,69,
03/04/2020 00:00,72,
04/04/2020 00:00,67,
05/04/2020 00:00,73,
06/04/2020 00:00,67,
07/04/2020 00:00,71,
08/04/2020 00:00,68,
09/04/2020 00:00,71,
10/04/2020 00:00,70,
11/04/2020 00:00,66,
12/04/2020 00:00,71,
13/04/2020 00:00,68,
14/04/2020 00:00,72,
15/04/2020 00:00,70,
16/04/2020 00:00,71,
17/04/2020 00:00,67,
18/04/2020 00:00,68,
19/04/2020 00:00,69,
20/04/2020 00:00,72,
21/04/2020 00:00,74,
22/04/2020 00:00,68,
23/04/2020 00:00,72,
24/04/2020 00:00,64,
25/04/2020 00:00,66,
26/04/2020 00:00,67,
27/04/2020 00:00,66,
28/04/2020 00:00,65,
29/04/2020 00:00,70,
30/04/2020 00:00,69,
01/05/2020 00:00,70,
02/05/2020 00:00,71,
03/05/2020 00:00,70,
04/05/2020 00:00,71,
05/05/2020 00:00,69,
06/05/2020 00:00,66,
07/05/2020 00:00,71,
08/05/2020 00:00,67,
09/05/2020 00:00,66,
10/05/2020 00:00,68,
11/05/2020 00:00,66,
12/05/2020 00:00,67,
13/05/2020 00:00,69,
14/05/2020 00:00,69,
15/05/2020 00:00,66,
16/05/2020 00:00,67,
17/05/2020 00:00,71,
18/05/2020 00:00,69,
19/05/2020 00:00,73,
20/05/2020 00:00,71,
21/05/2020 00:00,71,
22/05/2020 00:00,64,
23/05/2020 00:00,70,
24/05/2020 00:00,68,
25/05/2020 00:00,66,
26/05/2020 00:00,68,
27/05/2020 00:00,70,
28/05/2020 00:00,69,
29/05/2020 00:00,65,
30/05/2020 00:00,69,
31/05/2020 00:00,66,
01/06/2020 00:00,68,
02/06/2020 00:00,66,
03/06/2020 00:00,67,
04/06/2020 00:00,69,
05/06/2020 00:00,64,
06/06/2020 00:00,72,
07/06/2020 00:00,62,
08/06/2020 00:00,65,
09/06/2020 00:00,68,
10/06/2020 00:00,68,
11/06/2020 00:00,66,
12/06/2020 00:00,66,
13/06/2020 00:00,67,
14/06/2020 00:00,66,
15/06/2020 00:00,70,
16/06/2020 00:00,68,
17/06/2020 00:00,68,
18/06/2020 00:00,64,
19/06/2020 00:00,66,
20/06/2020 00:00,65,
21/06/2020 00:00,63,
22/06/2020 00:00,67,
23/06/2020 00:00,64,
24/06/2020 00:00,67,
25/06/2020 00:00,63,
26/06/2020 00:00,70,
27/06/2020 00:00,63,
28/06/2020 00:00,66,
29/06/2020 00:00,67,
30/06/2020 00:00,64,
01/07/2020 00:00,67,
02/07/2020 00:00,62,
03/07/2020 00:00,69,
04/07/2020 00:00,65,
05/07/2020 00:00,64,
06/07/2020 00:00,64,
07/07/2020 00:00,67,
08/07/2020 00:00,63,
09/07/2020 00:00,63,
10/07/2020 00:00,64,
11/07/2020 00:00,62,
12/07/2020 00:00,69,
13/07/2020 00:00,63,
14/07/2020 00:00,67,
15/07/2020 00:00,65,
16/07/2020 00:00,62,
17/07/2020 00:00,64,
18/07/2020 00:00,66,
19/07/2020 00:00,64,
20/07/2020 00:00,67,
21/07/2020 00:00,67,
22/07/2020 00:00,66,
23/07/2020 00:00,63,
24/07/2020 00:00,61,
25/07/2020 00:00,63,
26/07/2020 00:00,65,
27/07/2020 00:00,65,
28/07/2020 00:00,59,
29/07/2020 00:00,64,
30/07/2020 00:00,64,
31/07/2020 00:00,63,
01/08/2020 00:00,67,
02/08/2020 00:00,65,
03/08/2020 00:00,67,
04/08/2020 00:00,63,
05/08/2020 00:00,66,
06/08/2020 00:00,68,
07/08/2020 00:00,67,
08/08/2020 00:00,61,
09/08/2020 00:00,63,
10/08/2020 00:00,63,
11/08/2020 00:00,65,
12/08/2020 00:00,65,
13/08/2020 00:00,61,
14/08/2020 00:00,64,
15/08/2020 00:00,58,
16/08/2020 00:00,67,
17/08/2020 00:00,62,
18/08/2020 00:00,64,
19/08/2020 00:00,63,
20/08/2020 00:00,66,
21/08/2020 00:00,56,
22/08/2020 00:00,63,
23/08/2020 00:00,63,
24/08/2020 00:00,62,
25/08/2020 00:00,68,
26/08/2020 00:00,61,
27/08/2020 00:00,65,
28/08/2020 00:00,64,
29/08/2020 00:00,67,
30/08/2020 00:00,62,
31/08/2020 00:00,62,
01/09/2020 00:00,66,
02/09/2020 00:00,64,
03/09/2020 00:00,60,
04/09/2020 00:00,62,
05/09/2020 00:00,64,
06/09/2020 00:00,66,
07/09/2020 00:00,62,
08/09/2020 00:00,56,
09/09/2020 00:00,65,
10/09/2020 00:00,60,
11/09/2020 00:00,58,
12/09/2020 00:00,56,
13/09/2020 00:00,66,
14/09/2020 00:00,64,
15/09/2020 00:00,63,
16/09/2020 00:00,67,
17/09/2020 00:00,65,
18/09/2020 00:00,68,
19/09/2020 00:00,60,
20/09/2020 00:00,64,
21/09/2020 00:00,60,
22/09/2020 00:00,63,
23/09/2020 00:00,63,
24/09/2020 00:00,65,
25/09/2020 00:00,64,
26/09/2020 00:00,65,
27/09/2020 00:00,66,
28/09/2020 00:00,69,
29/09/2020 00:00,63,
30/09/2020 00:00,62,
01/10/2020 00:00,65,
02/10/2020 00:00,62,
03/10/2020 00:00,68,
04/10/2020 00:00,63,
05/10/2020 00:00,63,
06/10/2020 00:00,63,
07/10/2020 00:00,66,
08/10/2020 00:00,64,
09/10/2020 00:00,63,
10/10/2020 00:00,69,
11/10/2020 00:00,62,
12/10/2020 00:00,65,
13/10/2020 00:00,66,
14/10/2020 00:00,60,
15/10/2020 00:00,66,
16/10/2020 00:00,62,
17/10/2020 00:00,67,
18/10/2020 00:00,62,
19/10/2020 00:00,67,
20/10/2020 00:00,68,
21/10/2020 00:00,67,
22/10/2020 00:00,66,
23/10/2020 00:00,64,
24/10/2020 00:00,64,
25/10/2020 00:00,69,
26/10/2020 00:00,63,
27/10/2020 00:00,63,
28/10/2020 00:00,67,
29/10/2020 00:00,63,
30/10/2020 00:00,63,
31/10/2020 00:00,62,
01/11/2020 00:00,64,
02/11/2020 00:00,65,
03/11/2020 00:00,66,
04/11/2020 00:00,68,
05/11/2020 00:00,67,
06/11/2020 00:00,65,
07/11/2020 00:00,65,
08/11/2020 00:00,67,
09/11/2020 00:00,69,
10/11/2020 00:00,66,
11/11/2020 00:00,65,
12/11/2020 00:00,64,
13/11/2020 00:00,62,
14/11/2020 00:00,68,
15/11/2020 00:00,68,
16/11/2020 00:00,68,
17/11/2020 00:00,66,
18/11/2020 00:00,70,
19/11/2020 00:00,65,
20/11/2020 00:00,69,
21/11/2020 00:00,66,
22/11/2020 00:00,65,
23/11/2020 00:00,68,
24/11/2020 00:00,68,
25/11/2020 00:00,68,
26/11/2020 00:00,67,
27/11/2020 00:00,67,
28/11/2020 00:00,73,
29/11/2020 00:00,70,
30/11/2020 00:00,69,
01/12/2020 00:00,67,
02/12/2020 00:00,70,
03/12/2020 00:00,68,
04/12/2020 00:00,67,
05/12/2020 00:00,66,
06/12/2020 00:00,67,
07/12/2020 00:00,59,
08/12/2020 00:00,68,
09/12/2020 00:00,66,
10/12/2020 00:00,71,
11/12/2020 00:00,67,
12/12/2020 00:00,65,
13/12/2020 00:00,67,
14/12/2020 00:00,65,
15/12/2020 00:00,69,
16/12/2020 00:00,68,
17/12/2020 00:00,70,
18/12/2020 00:00,66,
19/12/2020 00:00,68,
20/12/2020 00:00,64,
21/12/2020 00:00,70,
22/12/2020 00:00,69,
23/12/2020 00:00,69,
24/12/2020 00:00,68,
25/12/2020 00:00,69,
26/12/2020 00:00,72,
27/12/2020 00:00,67,
28/12/2020 00:00,68,
29/12/2020 00:00,65,
30/12/2020 00:00,66,
31/12/2020 00:00,68,
01/01/2021 00:00,71,
02/01/2021 00:00,67,
03/01/2021 00:00,68,
04/01/2021 00:00,67,
05/01/2021 00:00,67,
06/01/2021 00:00,69,
07/01/2021 00:00,64,
08/01/2021 00:00,71,
09/01/2021 00:00,67,
10/01/2021 00:00,70,
11/01/2021 00:00,65,
12/01/2021 00:00,70,
13/01/2021 00:00,70,
14/01/2021 00:00,69,
15/01/2021 00:00,66,
16/01/2021 00:00,69,
17/01/2021 00:00,65,
18/01/2021 00:00,68,
19/01/2021 00:00,71,
20/01/2021 00:00,70,
21/01/2021 00:00,68,
22/01/2021 00:00,66,
23/01/2021 00:00,70,
24/01/2021 00:00,68,
25/01/2021 00:00,63,
26/01/2021 00:00,70,
27/01/2021 00:00,68,
28/01/2021 00:00,71,
29/01/2021 00:00,66,
30/01/2021 00:00,60,
31/01/2021 00:00,69,
01/02/2021 00:00,69,
02/02/2021 00:00,64,
03/02/2021 00:00,66,
04/02/2021 00:00,75,
05/02/2021 00:00,67,
06/02/2021 00:00,70,
07/02/2021 00:00,67,
08/02/2021 00:00,63,
09/02/2021 00:00,68,
10/02/2021 00:00,67,
11/02/2021 00:00,67,
12/02/2021 00:00,68,
13/02/2021 00:00,69,
14/02/2021 00:00,68,
15/02/2021 00:00,65,
16/02/2021 00:00,69,
17/02/2021 00:00,63,
18/02/2021 00:00,63,
19/02/2021 00:00,70,
20/02/2021 00:00,69,
21/02/2021 00:00,68,
22/02/2021 00:00,64,
23/02/2021 00:00,66,
24/02/2021 00:00,67,
25/02/2021 00:00,64,
26/02/2021 00:00,66,
27/02/2021 00:00,69,
28/02/2021 00:00,71,
01/03/2021 00:00,66,
02/03/2021 00:00,69,
03/03/2021 00:00,63,
04/03/2021 00:00,69,
05/03/2021 00:00,65,
06/03/2021 00:00,68,
07/03/2021 00:00,67,
08/03/2021 00:00,70,
09/03/2021 00:00,65,
10/03/2021 00:00,69,
11/03/2021 00:00,66,
12/03/2021 00:00,66,
13/03/2021 00:00,66,
14/03/2021 00:00,65,
15/03/2021 00:00,67,
16/03/2021 00:00,67,
17/03/2021 00:00,67,
18/03/2021 00:00,67,
19/03/2021 00:00,68,
20/03/2021 00:00,69,
21/03/2021 00:00,64,
22/03/2021 00:00,68,
23/03/2021 00:00,63,
24/03/2021 00:00,68,
25/03/2021 00:00,68,
26/03/2021 00:00,61,
27/03/2021 00:00,66,
28/03/2021 00:00,65,
29/03/2021 00:00,64,
30/03/2021 00:00,69,
31/03/2021 00:00,64,
01/04/2021 00:00,64,
02/04/2021 00:00,66,
03/04/2021 00:00,67,
04/04/2021 00:00,65,
05/04/2021 00:00,68,
06/04/2021 00:00,67,
07/04/2021 00:00,60,
08/04/2021 00:00,64,
09/04/2021 00:00,64,
10/04/2021 00:00,66,
11/04/2021 00:00,58,
12/04/2021 00:00,71,
13/04/2021 00:00,66,
14/04/2021 00:00,65,
15/04/2021 00:00,68,
16/04/2021 00:00,71,
17/04/2021 00:00,67,
18/04/2021 00:00,67,
19/04/2021 00:00,65,
20/04/2021 00:00,64,
21/04/2021 00:00,63,
22/04/2021 00:00,62,
23/04/2021 00:00,63,
24/04/2021 00:00,61,
25/04/2021 00:00,64,
26/04/2021 00:00,60,
27/04/2021 00:00,64,
28/04/2021 00:00,64,
29/04/2021 00:00,64,
30/04/2021 00:00,62,
01/05/2021 00:00,71,
02/05/2021 00:00,67,
03/05/2021 00:00,60,
04/05/2021 00:00,64,
05/05/2021 00:00,62,
06/05/2021 00:00,61,
07/05/2021 00:00,60,
08/05/2021 00:00,64,
09/05/2021 00:00,61,
10/05/2021 00:00,66,
11/05/2021 00:00,66,
12/05/2021 00:00,66,
13/05/2021 00:00,61,
14/05/2021 00:00,64,
15/05/2021 00:00,64,
16/05/2021 00:00,62,
17/05/2021 00:00,61,
18/05/2021 00:00,67,
19/05/2021 00:00,63,
20/05/2021 00:00,64,
21/05/2021 00:00,60,
22/05/2021 00:00,59,
23/05/2021 00:00,61,
24/05/2021 00:00,62,
25/05/2021 00:00,60,
26/05/2021 00:00,62,
27/05/2021 00:00,58,
28/05/2021 00:00,59,
29/05/2021 00:00,64,
30/05/2021 00:00,64,
31/05/2021 00:00,61,
01/06/2021 00:00,59,
02/06/2021 00:00,59,
03/06/2021 00:00,61,
04/06/2021 00:00,64,
05/06/2021 00:00,64,
06/06/2021 00:00,61,
07/06/2021 00:00,59,
08/06/2021 00:00,62,
09/06/2021 00:00,60,
10/06/2021 00:00,60,
11/06/2021 00:00,65,
12/06/2021 00:00,64,
13/06/2021 00:00,62,
14/06/2021 00:00,58,
15/06/2021 00:00,62,
16/06/2021 00:00,64,
17/06/2021 00:00,61,
18/06/2021 00:00,65,
19/06/2021 00:00,65,
20/06/2021 00:00,66,
21/06/2021 00:00,62,
22/06/2021 00:00,63,
23/06/2021 00:00,65,
24/06/2021 00:00,62,
25/06/2021 00:00,60,
26/06/2021 00:00,60,
27/06/2021 00:00,62,
28/06/2021 00:00,58,
29/06/2021 00:00,61,
30/06/2021 00:00,64,
01/07/2021 00:00,56,
02/07/2021 00:00,65,
03/07/2021 00:00,64,
04/07/2021 00:00,60,
05/07/2021 00:00,63,
06/07/2021 00:00,61,
07/07/2021 00:00,64,
08/07/2021 00:00,64,
09/07/2021 00:00,58,
10/07/2021 00:00,63,
11/07/2021 00:00,61,
12/07/2021 00:00,61,
13/07/2021 00:00,59,
14/07/2021 00:00,66,
15/07/2021 00:00,64,
16/07/2021 00:00,59,
17/07/2021 00:00,58,
18/07/2021 00:00,60,
19/07/2021 00:00,62,
20/07/2021 00:00,62,
21/07/2021 00:00,64,
22/07/2021 00:00,63,
23/07/2021 00:00,64,
24/07/2021 00:00,62,
25/07/2021 00:00,58,
26/07/2021 00:00,61,
27/07/2021 00:00,64,
28/07/2021 00:00,61,
29/07/2021 00:00,63,
30/07/2021 00:00,61,
31/07/2021 00:00,59,
01/08/2021 00:00,61,
02/08/2021 00:00,62,
03/08/2021 00:00,60,
04/08/2021 00:00,61,
05/08/2021 00:00,59,
06/08/2021 00:00,65,
07/08/2021 00:00,61,
08/08/2021 00:00,65,
09/08/2021 00:00,66,
10/08/2021 00:00,62,
11/08/2021 00:00,59,
12/08/2021 00:00,57,
13/08/2021 00:00,58,
14/08/2021 00:00,59,
15/08/2021 00:00,66,
16/08/2021 00:00,62,
17/08/2021 00:00,63,
18/08/2021 00:00,57,
19/08/2021 00:00,59,
20/08/2021 00:00,64,
21/08/2021 00:00,63,
22/08/2021 00:00,62,
23/08/2021 00:00,64,
24/08/2021 00:00,67,
25/08/2021 00:00,62,
26/08/2021 00:00,63,
27/08/2021 00:00,63,
28/08/2021 00:00,69,
29/08/2021 00:00,57,
30/08/2021 00:00,64,
31/08/2021 00:00,62,
01/09/2021 00:00,64,
02/09/2021 00:00,61,
03/09/2021 00:00,63,
04/09/2021 00:00,65,
05/09/2021 00:00,71,
06/09/2021 00:00,65,
07/09/2021 00:00,61,
08/09/2021 00:00,62,
09/09/2021 00:00,62,
10/09/2021 00:00,59,
11/09/2021 00:00,63,
12/09/2021 00:00,65,
13/09/2021 00:00,60,
14/09/2021 00:00,66,
15/09/2021 00:00,65,
16/09/2021 00:00,62,
17/09/2021 00:00,63,
18/09/2021 00:00,68,
19/09/2021 00:00,66,
20/09/2021 00:00,64,
21/09/2021 00:00,63,
22/09/2021 00:00,64,
23/09/2021 00:00,63,
24/09/2021 00:00,59,
25/09/2021 00:00,69,
26/09/2021 00:00,65,
27/09/2021 00:00,65,
28/09/2021 00:00,64,
29/09/2021 00:00,62,
30/09/2021 00:00,64,
01/10/2021 00:00,60,
02/10/2021 00:00,70,
03/10/2021 00:00,61,
04/10/2021 00:00,62,
05/10/2021 00:00,64,
06/10/2021 00:00,68,
07/10/2021 00:00,65,
08/10/2021 00:00,62,
09/10/2021 00:00,68,
10/10/2021 00:00,67,
11/10/2021 00:00,66,
12/10/2021 00:00,67,
13/10/2021 00:00,71,
14/10/2021 00:00,70,
15/10/2021 00:00,63,
16/10/2021 00:00,69,
17/10/2021 00:00,66,
18/10/2021 00:00,66,
19/10/2021 00:00,61,
20/10/2021 00:00,65,
21/10/2021 00:00,63,
22/10/2021 00:00,67,
23/10/2021 00:00,68,
24/10/2021 00:00,60,
25/10/2021 00:00,65,
26/10/2021 00:00,68,
27/10/2021 00:00,65,
28/10/2021 00:00,67,
29/10/2021 00:00,67,
30/10/2021 00:00,67,
31/10/2021 00:00,65,
01/11/2021 00:00,63,
02/11/2021 00:00,63,
03/11/2021 00:00,68,
04/11/2021 00:00,66,
05/11/2021 00:00,66,
06/11/2021 00:00,65,
07/11/2021 00:00,65,
08/11/2021 00:00,69,
09/11/2021 00:00,65,
10/11/2021 00:00,63,
11/11/2021 00:00,68,
12/11/2021 00:00,66,
13/11/2021 00:00,66,
14/11/2021 00:00,70,
15/11/2021 00:00,66,
16/11/2021 00:00,67,
17/11/2021 00:00,63,
18/11/2021 00:00,66,
19/11/2021 00:00,68,
20/11/2021 00:00,62,
21/11/2021 00:00,67,
22/11/2021 00:00,66,
23/11/2021 00:00,66,
24/11/2021 00:00,69,
25/11/2021 00:00,67,
26/11/2021 00:00,70,
27/11/2021 00:00,64,
28/11/2021 00:00,67,
29/11/2021 00:00,66,
30/11/2021 00:00,64,
01/12/2021 00:00,69,
02/12/2021 00:00,72,
03/12/2021 00:00,66,
04/12/2021 00:00,67,
05/12/2021 00:00,66,
06/12/2021 00:00,64,
07/12/2021 00:00,62,
08/12/2021 00:00,64,
09/12/2021 00:00,63,
10/12/2021 00:00,70,
11/12/2021 00:00,66,
12/12/2021 00:00,65,
13/12/2021 00:00,68,
14/12/2021 00:00,63,
15/12/2021 00:00,64,
16/12/2021 00:00,66,
17/12/2021 00:00,69,
18/12/2021 00:00,67,
19/12/2021 00:00,67,
20/12/2021 00:00,66,
21/12/2021 00:00,67,
22/12/2021 00:00,66,
23/12/2021 00:00,63,
24/12/2021 00:00,66,
25/12/2021 00:00,63,
26/12/2021 00:00,66,
27/12/2021 00:00,65,
28/12/2021 00:00,72,
29/12/2021 00:00,66,
30/12/2021 00:00,62,
31/12/2021 00:00,65,
01/01/2022 00:00,67,
02/01/2022 00:00,70,
03/01/2022 00:00,64,
04/01/2022 00:00,61,
05/01/2022 00:00,67,
06/01/2022 00:00,62,
07/01/2022 00:00,64,
08/01/2022 00:00,65,
09/01/2022 00:00,65,
10/01/2022 00:00,67,
11/01/2022 00:00,63,
12/01/2022 00:00,64,
13/01/2022 00:00,65,
14/01/2022 00:00,65,
15/01/2022 00:00,65,
16/01/2022 00:00,66,
17/01/2022 00:00,67,
18/01/2022 00:00,66,
19/01/2022 00:00,66,
20/01/2022 00:00,61,
21/01/2022 00:00,65,
22/01/2022 00:00,66,
23/01/2022 00:00,66,
24/01/2022 00:00,63,
25/01/2022 00:00,63,
26/01/2022 00:00,63,
27/01/2022 00:00,66,
28/01/2022 00:00,67,
29/01/2022 00:00,63,
30/01/2022 00:00,66,
31/01/2022 00:00,64,
01/02/2022 00:00,64,
02/02/2022 00:00,63,
03/02/2022 00:00,66,
04/02/2022 00:00,65,
05/02/2022 00:00,69,
06/02/2022 00:00,62,
07/02/2022 00:00,65,
08/02/2022 00:00,62,
09/02/2022 00:00,61,
10/02/2022 00:00,63,
11/02/2022 00:00,64,
12/02/2022 00:00,71,
13/02/2022 00:00,63,
14/02/2022 00:00,60,
15/02/2022 00:00,64,
16/02/2022 00:00,58,
17/02/2022 00:00,63,
18/02/2022 00:00,63,
19/02/2022 00:00,65,
20/02/2022 00:00,65,
21/02/2022 00:00,61,
22/02/2022 00:00,62,
23/02/2022 00:00,61,
24/02/2022 00:00,60,
25/02/2022 00:00,63,
26/02/2022 00:00,59,
27/02/2022 00:00,61,
28/02/2022 00:00,60,
01/03/2022 00:00,64,
02/03/2022 00:00,67,
03/03/2022 00:00,59,
04/03/2022 00:00,57,
05/03/2022 00:00,62,
06/03/2022 00:00,62,
07/03/2022 00:00,62,
08/03/2022 00:00,61,
09/03/2022 00:00,61,
10/03/2022 00:00,62,
11/03/2022 00:00,64,
12/03/2022 00:00,57,
13/03/2022 00:00,60,
14/03/2022 00:00,62,
15/03/2022 00:00,59,
16/03/2022 00:00,66,
17/03/2022 00:00,60,
18/03/2022 00:00,61,
19/03/2022 00:00,62,
20/03/2022 00:00,59,
21/03/2022 00:00,56,
22/03/2022 00:00,60,
23/03/2022 00:00,63,
24/03/2022 00:00,60,
25/03/2022 00:00,59,
26/03/2022 00:00,63,
27/03/2022 00:00,60,
28/03/2022 00:00,59,
29/03/2022 00:00,61,
30/03/2022 00:00,62,
31/03/2022 00:00,66,
01/04/2022 00:00,62,
02/04/2022 00:00,63,
03/04/2022 00:00,59,
04/04/2022 00:00,58,
05/04/2022 00:00,60,
06/04/2022 00:00,60,
07/04/2022 00:00,57,
08/04/2022 00:00,60,
09/04/2022 00:00,61,
10/04/2022 00:00,61,
11/04/2022 00:00,61,
12/04/2022 00:00,61,
13/04/2022 00:00,58,
14/04/2022 00:00,58,
15/04/2022 00:00,57,
16/04/2022 00:00,64,
17/04/2022 00:00,60,
18/04/2022 00:00,59,
19/04/2022 00:00,57,
20/04/2022 00:00,67,
21/04/2022 00:00,57,
22/04/2022 00:00,58,
23/04/2022 00:00,60,
24/04/2022 00:00,61,
25/04/2022 00:00,62,
26/04/2022 00:00,64,
27/04/2022 00:00,61,
28/04/2022 00:00,57,
29/04/2022 00:00,59,
30/04/2022 00:00,60,
01/05/2022 00:00,64,
02/05/2022 00:00,56,
03/05/2022 00:00,62,
04/05/2022 00:00,60,
05/05/2022 00:00,61,
06/05/2022 00:00,59,
07/05/2022 00:00,57,
08/05/2022 00:00,61,
09/05/2022 00:00,61,
10/05/2022 00:00,62,
11/05/2022 00:00,59,
12/05/2022 00:00,58,
13/05/2022 00:00,55,
14/05/2022 00:00,61,
15/05/2022 00:00,60,
16/05/2022 00:00,57,
17/05/2022 00:00,58,
18/05/2022 00:00,58,
19/05/2022 00:00,55,
20/05/2022 00:00,57,
21/05/2022 00:00,56,
22/05/2022 00:00,58,
23/05/2022 00:00,57,
24/05/2022 00:00,55,
25/05/2022 00:00,64,
26/05/2022 00:00,62,
27/05/2022 00:00,57,
28/05/2022 00:00,60,
29/05/2022 00:00,60,
30/05/2022 00:00,62,
31/05/2022 00:00,57,
01/06/2022 00:00,62,
02/06/2022 00:00,58,
03/06/2022 00:00,56,
04/06/2022 00:00,61,
05/06/2022 00:00,63,
06/06/2022 00:00,66,
07/06/2022 00:00,56,
08/06/2022 00:00,61,
09/06/2022 00:00,58,
10/06/2022 00:00,61,
11/06/2022 00:00,56,
12/06/2022 00:00,56,
13/06/2022 00:00,58,
14/06/2022 00:00,60,
15/06/2022 00:00,58,
16/06/2022 00:00,61,
17/06/2022 00:00,62,
18/06/2022 00:00,61,
19/06/2022 00:00,64,
20/06/2022 00:00,61,
21/06/2022 00:00,57,
22/06/2022 00:00,63,
23/06/2022 00:00,58,
24/06/2022 00:00,62,
25/06/2022 00:00,64,
26/06/2022 00:00,61,
27/06/2022 00:00,56,
28/06/2022 00:00,58,
29/06/2022 00:00,63,
30/06/2022 00:00,60,
01/07/2022 00:00,60,
02/07/2022 00:00,62,
03/07/2022 00:00,62,
04/07/2022 00:00,61,
05/07/2022 00:00,60,
06/07/2022 00:00,60,
07/07/2022 00:00,63,
08/07/2022 00:00,62,
09/07/2022 00:00,60,
10/07/2022 00:00,63,
11/07/2022 00:00,60,
12/07/2022 00:00,59,
13/07/2022 00:00,59,
14/07/2022 00:00,58,
15/07/2022 00:00,60,
16/07/2022 00:00,64,
17/07/2022 00:00,59,
18/07/2022 00:00,62,
19/07/2022 00:00,59,
20/07/2022 00:00,60,
21/07/2022 00:00,57,
22/07/2022 00:00,61,
23/07/2022 00:00,61,
24/07/2022 00:00,63,
25/07/2022 00:00,62,
26/07/2022 00:00,58,
27/07/2022 00:00,64,
28/07/2022 00:00,62,
29/07/2022 00:00,62,
30/07/2022 00:00,62,
31/07/2022 00:00,60,
01/08/2022 00:00,62,
02/08/2022 00:00,63,
03/08/2022 00:00,58,
04/08/2022 00:00,61,
05/08/2022 00:00,61,
06/08/2022 00:00,63,
07/08/2022 00:00,65,
08/08/2022 00:00,60,
09/08/2022 00:00,61,
10/08/2022 00:00,61,
11/08/2022 00:00,60,
12/08/2022 00:00,61,
13/08/2022 00:00,64,
14/08/2022 00:00,60,
15/08/2022 00:00,64,
16/08/2022 00:00,58,
17/08/2022 00:00,61,
18/08/2022 00:00,62,
19/08/2022 00:00,67,
20/08/2022 00:00,62,
21/08/2022 00:00,57,
22/08/2022 00:00,58,
23/08/2022 00:00,63,
24/08/2022 00:00,64,
25/08/2022 00:00,64,
26/08/2022 00:00,63,
27/08/2022 00:00,66,
28/08/2022 00:00,62,
29/08/2022 00:00,65,
30/08/2022 00:00,59,
31/08/2022 00:00,61,
01/09/2022 00:00,59,
02/09/2022 00:00,63,
03/09/2022 00:00,63,
04/09/2022 00:00,64,
05/09/2022 00:00,64,
06/09/2022 00:00,61,
07/09/2022 00:00,63,
08/09/2022 00:00,60,
09/09/2022 00:00,67,
10/09/2022 00:00,63,
11/09/2022 00:00,62,
12/09/2022 00:00,68,
13/09/2022 00:00,61,
14/09/2022 00:00,61,
15/09/2022 00:00,61,
16/09/2022 00:00,64,
17/09/2022 00:00,65,
18/09/2022 00:00,66,
19/09/2022 00:00,70,
20/09/2022 00:00,58,
21/09/2022 00:00,65,
22/09/2022 00:00,63,
23/09/2022 00:00,62,
24/09/2022 00:00,62,
25/09/2022 00:00,62,
26/09/2022 00:00,68,
27/09/2022 00:00,66,
28/09/2022 00:00,64,
29/09/2022 00:00,67,
30/09/2022 00:00,60,
01/10/2022 00:00,61,
02/10/2022 00:00,59,
03/10/2022 00:00,62,
04/10/2022 00:00,64,
05/10/2022 00:00,64,
06/10/2022 00:00,64,
07/10/2022 00:00,61,
08/10/2022 00:00,66,
09/10/2022 00:00,65,
10/10/2022 00:00,66,
11/10/2022 00:00,59,
12/10/2022 00:00,65,
13/10/2022 00:00,61,
14/10/2022 00:00,63,
15/10/2022 00:00,65,
16/10/2022 00:00,64,
17/10/2022 00:00,62,
18/10/2022 00:00,64,
19/10/2022 00:00,60,
20/10/2022 00:00,67,
21/10/2022 00:00,63,
22/10/2022 00:00,67,
23/10/2022 00:00,63,
24/10/2022 00:00,63,
25/10/2022 00:00,62,
26/10/2022 00:00,66,
27/10/2022 00:00,62,
28/10/2022 00:00,65,
29/10/2022 00:00,63,
30/10/2022 00:00,59,
31/10/2022 00:00,62,
01/11/2022 00:00,61,
02/11/2022 00:00,64,
03/11/2022 00:00,61,
04/11/2022 00:00,66,
05/11/2022 00:00,63,
06/11/2022 00:00,63,
07/11/2022 00:00,65,
08/11/2022 00:00,66,
09/11/2022 00:00,63,
10/11/2022 00:00,62,
11/11/2022 00:00,59,
12/11/2022 00:00,62,
13/11/2022 00:00,62,
14/11/2022 00:00,64,
15/11/2022 00:00,62,
16/11/2022 00:00,65,
17/11/2022 00:00,62,
18/11/2022 00:00,63,
19/11/2022 00:00,66,
20/11/2022 00:00,64,
21/11/2022 00:00,63,
22/11/2022 00:00,61,
23/11/2022 00:00,61,
24/11/2022 00:00,61,
25/11/2022 00:00,61,
26/11/2022 00:00,65,
27/11/2022 00:00,62,
28/11/2022 00:00,59,
29/11/2022 00:00,67,
30/11/2022 00:00,63,
01/12/2022 00:00,59,
02/12/2022 00:00,61,
03/12/2022 00:00,63,
04/12/2022 00:00,67,
05/12/2022 00:00,59,
06/12/2022 00:00,65,
07/12/2022 00:00,66,
08/12/2022 00:00,60,
09/12/2022 00:00,61,
10/12/2022 00:00,59,
11/12/2022 00:00,61,
12/12/2022 00:00,62,
13/12/2022 00:00,63,
14/12/2022 00:00,64,
15/12/2022 00:00,60,
16/12/2022 00:00,57,
17/12/2022 00:00,61,
18/12/2022 00:00,62,
19/12/2022 00:00,62,
20/12/2022 00:00,60,
21/12/2022 00:00,62,
22/12/2022 00:00,65,
23/12/2022 00:00,62,
24/12/2022 00:00,60,
25/12/2022 00:00,60,
26/12/2022 00:00,60,
27/12/2022 00:00,65,
28/12/2022 00:00,60,
29/12/2022 00:00,61,
30/12/2022 00:00,59,
31/12/2022 00:00,63,
01/01/2023 00:00,65,
02/01/2023 00:00,62,
03/01/2023 00:00,61,
04/01/2023 00:00,60,
05/01/2023 00:00,54,
06/01/2023 00:00,62,
07/01/2023 00:00,60,
08/01/2023 00:00,61,
09/01/2023 00:00,58,
10/01/2023 00:00,59,
11/01/2023 00:00,59,
12/01/2023 00:00,62,
13/01/2023 00:00,59,
14/01/2023 00:00,65,
15/01/2023 00:00,61,
16/01/2023 00:00,56,
17/01/2023 00:00,59,
18/01/2023 00:00,58,
19/01/2023 00:00,54,
20/01/2023 00:00,63,
21/01/2023 00:00,61,
22/01/2023 00:00,60,
23/01/2023 00:00,59,
24/01/2023 00:00,56,
25/01/2023 00:00,58,
26/01/2023 00:00,61,
27/01/2023 00:00,56,
28/01/2023 00:00,52,
29/01/2023 00:00,58,
30/01/2023 00:00,58,
31/01/2023 00:00,59,
01/02/2023 00:00,60,
02/02/2023 00:00,60,
03/02/2023 00:00,59,
04/02/2023 00:00,61,
05/02/2023 00:00,54,
06/02/2023 00:00,60,
07/02/2023 00:00,60,
08/02/2023 00:00,55,
09/02/2023 00:00,54,
10/02/2023 00:00,56,
11/02/2023 00:00,56,
12/02/2023 00:00,60,
13/02/2023 00:00,56,
14/02/2023 00:00,56,
15/02/2023 00:00,56,
16/02/2023 00:00,61,
17/02/2023 00:00,58,
18/02/2023 00:00,57,
19/02/2023 00:00,57,
20/02/2023 00:00,61,
21/02/2023 00:00,56,
22/02/2023 00:00,61,
23/02/2023 00:00,58,
24/02/2023 00:00,57,
25/02/2023 00:00,64,
26/02/2023 00:00,55,
27/02/2023 00:00,56,
28/02/2023 00:00,54,
01/03/2023 00:00,60,
02/03/2023 00:00,61,
03/03/2023 00:00,61,
04/03/2023 00:00,60,
05/03/2023 00:00,57,
06/03/2023 00:00,56,
07/03/2023 00:00,53,
08/03/2023 00:00,62,
09/03/2023 00:00,58,
10/03/2023 00:00,56,
11/03/2023 00:00,60,
12/03/2023 00:00,55,
13/03/2023 00:00,58,
14/03/2023 00:00,57,
15/03/2023 00:00,59,
16/03/2023 00:00,57,
17/03/2023 00:00,53,
18/03/2023 00:00,57,
19/03/2023 00:00,60,
20/03/2023 00:00,57,
21/03/2023 00:00,59,
22/03/2023 00:00,54,
23/03/2023 00:00,57,
24/03/2023 00:00,55,
25/03/2023 00:00,59,
26/03/2023 00:00,57,
27/03/2023 00:00,59,
28/03/2023 00:00,60,
29/03/2023 00:00,59,
30/03/2023 00:00,58,
31/03/2023 00:00,54,
01/04/2023 00:00,57,
02/04/2023 00:00,56,
03/04/2023 00:00,56,
04/04/2023 00:00,56,
05/04/2023 00:00,55,
06/04/2023 00:00,52,
07/04/2023 00:00,55,
08/04/2023 00:00,58,
09/04/2023 00:00,54,
10/04/2023 00:00,57,
11/04/2023 00:00,62,
12/04/2023 00:00,60,
13/04/2023 00:00,61,
14/04/2023 00:00,58,
15/04/2023 00:00,60,
16/04/2023 00:00,55,
17/04/2023 00:00,56,
18/04/2023 00:00,50,
19/04/2023 00:00,60,
20/04/2023 00:00,61,
21/04/2023 00:00,56,
22/04/2023 00:00,57,
23/04/2023 00:00,56,
24/04/2023 00:00,58,
25/04/2023 00:00,60,
26/04/2023 00:00,53,
27/04/2023 00:00,59,
28/04/2023 00:00,57,
29/04/2023 00:00,58,
30/04/2023 00:00,59,
01/05/2023 00:00,57,
02/05/2023 00:00,57,
03/05/2023 00:00,57,
04/05/2023 00:00,60,
05/05/2023 00:00,59,
06/05/2023 00:00,58,
07/05/2023 00:00,55,
08/05/2023 00:00,57,
09/05/2023 00:00,60,
10/05/2023 00:00,58,
11/05/2023 00:00,60,
12/05/2023 00:00,63,
13/05/2023 00:00,61,
14/05/2023 00:00,58,
15/05/2023 00:00,57,
16/05/2023 00:00,52,
17/05/2023 00:00,58,
18/05/2023 00:00,58,
19/05/2023 00:00,59,
20/05/2023 00:00,58,
21/05/2023 00:00,58,
22/05/2023 00:00,54,
23/05/2023 00:00,56,
24/05/2023 00:00,60,
25/05/2023 00:00,63,
26/05/2023 00:00,59,
27/05/2023 00:00,60,
28/05/2023 00:00,61,
29/05/2023 00:00,57,
30/05/2023 00:00,60,
31/05/2023 00:00,57,
01/06/2023 00:00,61,
02/06/2023 00:00,60,
03/06/2023 00:00,60,
04/06/2023 00:00,57,
05/06/2023 00:00,61,
06/06/2023 00:00,65,
07/06/2023 00:00,57,
08/06/2023 00:00,59,
09/06/2023 00:00,60,
10/06/2023 00:00,62,
11/06/2023 00:00,58,
12/06/2023 00:00,53,
13/06/2023 00:00,63,
14/06/2023 00:00,62,
15/06/2023 00:00,56,
16/06/2023 00:00,58,
17/06/2023 00:00,64,
18/06/2023 00:00,64,
19/06/2023 00:00,62,
20/06/2023 00:00,60,
21/06/2023 00:00,60,
22/06/2023 00:00,60,
23/06/2023 00:00,63,
24/06/2023 00:00,58,
25/06/2023 00:00,58,
26/06/2023 00:00,63,
27/06/2023 00:00,60,
28/06/2023 00:00,64,
29/06/2023 00:00,59,
30/06/2023 00:00,61,
01/07/2023 00:00,58,
02/07/2023 00:00,61,
03/07/2023 00:00,57,
04/07/2023 00:00,60,
05/07/2023 00:00,57,
06/07/2023 00:00,63,
07/07/2023 00:00,63,
08/07/2023 00:00,57,
09/07/2023 00:00,64,
10/07/2023 00:00,67,
11/07/2023 00:00,61,
12/07/2023 00:00,60,
13/07/2023 00:00,68,
14/07/2023 00:00,58,
15/07/2023 00:00,61,
16/07/2023 00:00,62,
17/07/2023 00:00,65,
18/07/2023 00:00,62,
19/07/2023 00:00,60,
20/07/2023 00:00,59,
21/07/2023 00:00,61,
22/07/2023 00:00,59,
23/07/2023 00:00,62,
24/07/2023 00:00,60,
25/07/2023 00:00,58,
26/07/2023 00:00,65,
27/07/2023 00:00,60,
28/07/2023 00:00,58,
29/07/2023 00:00,61,
30/07/2023 00:00,62,
31/07/2023 00:00,57,
01/08/2023 00:00,63,
02/08/2023 00:00,59,
03/08/2023 00:00,66,
04/08/2023 00:00,63,
05/08/2023 00:00,61,
06/08/2023 00:00,60,
07/08/2023 00:00,62,
08/08/2023 00:00,63,
09/08/2023 00:00,62,
10/08/2023 00:00,61,
11/08/2023 00:00,62,
12/08/2023 00:00,60,
13/08/2023 00:00,61,
14/08/2023 00:00,57,
15/08/2023 00:00,64,
16/08/2023 00:00,63,
17/08/2023 00:00,60,
18/08/2023 00:00,67,
19/08/2023 00:00,62,
20/08/2023 00:00,59,
21/08/2023 00:00,64,
22/08/2023 00:00,63,
23/08/2023 00:00,63,
24/08/2023 00:00,61,
25/08/2023 00:00,63,
26/08/2023 00:00,61,
27/08/2023 00:00,63,
28/08/2023 00:00,57,
29/08/2023 00:00,61,
30/08/2023 00:00,66,
31/08/2023 00:00,60,
01/09/2023 00:00,60,
02/09/2023 00:00,61,
03/09/2023 00:00,59,
04/09/2023 00:00,56,
05/09/2023 00:00,61,
06/09/2023 00:00,62,
07/09/2023 00:00,62,
08/09/2023 00:00,61,
09/09/2023 00:00,62,
10/09/2023 00:00,64,
11/09/2023 00:00,61,
12/09/2023 00:00,60,
13/09/2023 00:00,61,
14/09/2023 00:00,63,
15/09/2023 00:00,65,
16/09/2023 00:00,60,
17/09/2023 00:00,62,
18/09/2023 00:00,62,
19/09/2023 00:00,59,
20/09/2023 00:00,61,
21/09/2023 00:00,58,
22/09/2023 00:00,57,
23/09/2023 00:00,62,
24/09/2023 00:00,60,
25/09/2023 00:00,62,
26/09/2023 00:00,61,
27/09/2023 00:00,59,
28/09/2023 00:00,61,
29/09/2023 00:00,58,
30/09/2023 00:00,64,
01/10/2023 00:00,57,
02/10/2023 00:00,60,
03/10/2023 00:00,58,
04/10/2023 00:00,62,
05/10/2023 00:00,60,
06/10/2023 00:00,59,
07/10/2023 00:00,63,
08/10/2023 00:00,60,
09/10/2023 00:00,62,
10/10/2023 00:00,58,
11/10/2023 00:00,57,
12/10/2023 00:00,60,
13/10/2023 00:00,59,
14/10/2023 00:00,62,
15/10/2023 00:00,60,
16/10/2023 00:00,60,
17/10/2023 00:00,56,
18/10/2023 00:00,65,
19/10/2023 00:00,59,
20/10/2023 00:00,61,
21/10/2023 00:00,58,
22/10/2023 00:00,60,
23/10/2023 00:00,56,
24/10/2023 00:00,61,
25/10/2023 00:00,58,
26/10/2023 00:00,59,
27/10/2023 00:00,61,
28/10/2023 00:00,56,
29/10/2023 00:00,57,
30/10/2023 00:00,60,
31/10/2023 00:00,64,
01/11/2023 00:00,59,
02/11/2023 00:00,60,
03/11/2023 00:00,59,
04/11/2023 00:00,64,
05/11/2023 00:00,54,
06/11/2023 00:00,59,
07/11/2023 00:00,54,
08/11/2023 00:00,52,
09/11/2023 00:00,59,
10/11/2023 00:00,59,
11/11/2023 00:00,58,
12/11/2023 00:00,58,
13/11/2023 00:00,66,
14/11/2023 00:00,57,
15/11/2023 00:00,59,
16/11/2023 00:00,56,
17/11/2023 00:00,59,
18/11/2023 00:00,57,
19/11/2023 00:00,57,
20/11/2023 00:00,62,
21/11/2023 00:00,61,
22/11/2023 00:00,58,
23/11/2023 00:00,52,
24/11/2023 00:00,56,
25/11/2023 00:00,64,
26/11/2023 00:00,57,
27/11/2023 00:00,60,
28/11/2023 00:00,61,
29/11/2023 00:00,58,
30/11/2023 00:00,55,
01/12/2023 00:00,51,
02/12/2023 00:00,59,
03/12/2023 00:00,55,
04/12/2023 00:00,57,
05/12/2023 00:00,54,
06/12/2023 00:00,56,
07/12/2023 00:00,57,
08/12/2023 00:00,57,
09/12/2023 00:00,54,
10/12/2023 00:00,59,
11/12/2023 00:00,55,
12/12/2023 00:00,52,
13/12/2023 00:00,56,
14/12/2023 00:00,56,
15/12/2023 00:00,57,
16/12/2023 00:00,60,
17/12/2023 00:00,55,
18/12/2023 00:00,56,
19/12/2023 00:00,53,
20/12/2023 00:00,58,
21/12/2023 00:00,56,
22/12/2023 00:00,55,
23/12/2023 00:00,51,
24/12/2023 00:00,59,
25/12/2023 00:00,53,
26/12/2023 00:00,54,
27/12/2023 00:00,56,
28/12/2023 00:00,53,
29/12/2023 00:00,52,
30/12/2023 00:00,50,
31/12/2023 00:00,57,
01/01/2024 00:00,54,
02/01/2024 00:00,63,
03/01/2024 00:00,53,
04/01/2024 00:00,53,
05/01/2024 00:00,54,
06/01/2024 00:00,56,
07/01/2024 00:00,54,
08/01/2024 00:00,57,
09/01/2024 00:00,53,
10/01/2024 00:00,52,
11/01/2024 00:00,51,
12/01/2024 00:00,49,
13/01/2024 00:00,54,
14/01/2024 00:00,54,
15/01/2024 00:00,53,
16/01/2024 00:00,58,
17/01/2024 00:00,58,
18/01/2024 00:00,54,
19/01/2024 00:00,50,
20/01/2024 00:00,53,
21/01/2024 00:00,53,
22/01/2024 00:00,53,
23/01/2024 00:00,53,
24/01/2024 00:00,53,
25/01/2024 00:00,54,
26/01/2024 00:00,53,
27/01/2024 00:00,55,
28/01/2024 00:00,56,
29/01/2024 00:00,53,
30/01/2024 00:00,58,
31/01/2024 00:00,52,
01/02/2024 00:00,51,
02/02/2024 00:00,56,
03/02/2024 00:00,53,
04/02/2024 00:00,56,
05/02/2024 00:00,49,
06/02/2024 00:00,58,
07/02/2024 00:00,57,
08/02/2024 00:00,51,
09/02/2024 00:00,51,
10/02/2024 00:00,59,
11/02/2024 00:00,53,
12/02/2024 00:00,53,
13/02/2024 00:00,49,
14/02/2024 00:00,54,
15/02/2024 00:00,54,
16/02/2024 00:00,57,
17/02/2024 00:00,51,
18/02/2024 00:00,51,
19/02/2024 00:00,56,
20/02/2024 00:00,58,
21/02/2024 00:00,51,
22/02/2024 00:00,58,
23/02/2024 00:00,55,
24/02/2024 00:00,58,
25/02/2024 00:00,55,
26/02/2024 00:00,49,
27/02/2024 00:00,55,
28/02/2024 00:00,58,
29/02/2024 00:00,53,
01/03/2024 00:00,54,
02/03/2024 00:00,55,
03/03/2024 00:00,48,
04/03/2024 00:00,60,
05/03/2024 00:00,53,
06/03/2024 00:00,57,
07/03/2024 00:00,55,
08/03/2024 00:00,59,
09/03/2024 00:00,57,
10/03/2024 00:00,55,
11/03/2024 00:00,53,
12/03/2024 00:00,58,
13/03/2024 00:00,51,
14/03/2024 00:00,57,
15/03/2024 00:00,53,
16/03/2024 00:00,59,
17/03/2024 00:00,56,
18/03/2024 00:00,58,
19/03/2024 00:00,56,
20/03/2024 00:00,52,
21/03/2024 00:00,54,
22/03/2024 00:00,58,
23/03/2024 00:00,57,
24/03/2024 00:00,59,
25/03/2024 00:00,57,
26/03/2024 00:00,54,
27/03/2024 00:00,54,
28/03/2024 00:00,57,
29/03/2024 00:00,51,
30/03/2024 00:00,61,
31/03/2024 00:00,58,
01/04/2024 00:00,60,
02/04/2024 00:00,53,
03/04/2024 00:00,60,
04/04/2024 00:00,62,
05/04/2024 00:00,54,
06/04/2024 00:00,59,
07/04/2024 00:00,57,
08/04/2024 00:00,53,
09/04/2024 00:00,58,
10/04/2024 00:00,59,
11/04/2024 00:00,56,
12/04/2024 00:00,60,
13/04/2024 00:00,53,
14/04/2024 00:00,54,
15/04/2024 00:00,58,
16/04/2024 00:00,57,
17/04/2024 00:00,56,
18/04/2024 00:00,60,
19/04/2024 00:00,59,
20/04/2024 00:00,60,
21/04/2024 00:00,57,
22/04/2024 00:00,59,
23/04/2024 00:00,57,
24/04/2024 00:00,63,
25/04/2024 00:00,56,
26/04/2024 00:00,63,
27/04/2024 00:00,58,
28/04/2024 00:00,55,
29/04/2024 00:00,61,
30/04/2024 00:00,58,
01/05/2024 00:00,60,
02/05/2024 00:00,61,
03/05/2024 00:00,59,
04/05/2024 00:00,57,
05/05/2024 00:00,61,
06/05/2024 00:00,58,
07/05/2024 00:00,60,
08/05/2024 00:00,53,
09/05/2024 00:00,60,
10/05/2024 00:00,57,
11/05/2024 00:00,63,
12/05/2024 00:00,60,
13/05/2024 00:00,59,
14/05/2024 00:00,60,
15/05/2024 00:00,56,
16/05/2024 00:00,63,
17/05/2024 00:00,64,
18/05/2024 00:00,60,
19/05/2024 00:00,63,
20/05/2024 00:00,58,
21/05/2024 00:00,57,
22/05/2024 00:00,59,
23/05/2024 00:00,60,
24/05/2024 00:00,58,
25/05/2024 00:00,61,
26/05/2024 00:00,60,
27/05/2024 00:00,57,
28/05/2024 00:00,61,
29/05/2024 00:00,61,
30/05/2024 00:00,60,
31/05/2024 00:00,62,
01/06/2024 00:00,56,
02/06/2024 00:00,61,
03/06/2024 00:00,57,
04/06/2024 00:00,57,
05/06/2024 00:00,58,
06/06/2024 00:00,57,
07/06/2024 00:00,58,
08/06/2024 00:00,59,
09/06/2024 00:00,62,
10/06/2024 00:00,59,
11/06/2024 00:00,56,
12/06/2024 00:00,63,
13/06/2024 00:00,58,
14/06/2024 00:00,60,
15/06/2024 00:00,61,
16/06/2024 00:00,60,
17/06/2024 00:00,62,
18/06/2024 00:00,61,
19/06/2024 00:00,58,
20/06/2024 00:00,65,
21/06/2024 00:00,60,
22/06/2024 00:00,59,
23/06/2024 00:00,62,
24/06/2024 00:00,60,
25/06/2024 00:00,61,
26/06/2024 00:00,66,
27/06/2024 00:00,59,
28/06/2024 00:00,59,
29/06/2024 00:00,60,
30/06/2024 00:00,62,
01/07/2024 00:00,56,
02/07/2024 00:00,55,
03/07/2024 00:00,58,
04/07/2024 00:00,56,
05/07/2024 00:00,59,
06/07/2024 00:00,61,
07/07/2024 00:00,57,
08/07/2024 00:00,56,
09/07/2024 00:00,60,
10/07/2024 00:00,62,
11/07/2024 00:00,55,
12/07/2024 00:00,62,
13/07/2024 00:00,62,
14/07/2024 00:00,62,
15/07/2024 00:00,63,
16/07/2024 00:00,65,
17/07/2024 00:00,59,
18/07/2024 00:00,60,
19/07/2024 00:00,58,
20/07/2024 00:00,59,
21/07/2024 00:00,63,
22/07/2024 00:00,56,
23/07/2024 00:00,57,
24/07/2024 00:00,63,
25/07/2024 00:00,62,
26/07/2024 00:00,58,
27/07/2024 00:00,61,
28/07/2024 00:00,60,
29/07/2024 00:00,63,
30/07/2024 00:00,59,
31/07/2024 00:00,62,
01/08/2024 00:00,66,
02/08/2024 00:00,60,
03/08/2024 00:00,59,
04/08/2024 00:00,61,
05/08/2024 00:00,58,
06/08/2024 00:00,65,
07/08/2024 00:00,59,
08/08/2024 00:00,58,
09/08/2024 00:00,57,
10/08/2024 00:00,61,
11/08/2024 00:00,61,
12/08/2024 00:00,57,
13/08/2024 00:00,60,
14/08/2024 00:00,55,
15/08/2024 00:00,59,
16/08/2024 00:00,59,
17/08/2024 00:00,62,
18/08/2024 00:00,56,
19/08/2024 00:00,55,
20/08/2024 00:00,56,
21/08/2024 00:00,55,
22/08/2024 00:00,61,
23/08/2024 00:00,62,
24/08/2024 00:00,59,
25/08/2024 00:00,61,
26/08/2024 00:00,58,
27/08/2024 00:00,57,
28/08/2024 00:00,57,
29/08/2024 00:00,57,
30/08/2024 00:00,54,
31/08/2024 00:00,58,
01/09/2024 00:00,57,
02/09/2024 00:00,59,
03/09/2024 00:00,57,
04/09/2024 00:00,57,
05/09/2024 00:00,55,
06/09/2024 00:00,57,
07/09/2024 00:00,59,
08/09/2024 00:00,54,
09/09/2024 00:00,57,
10/09/2024 00:00,57,
11/09/2024 00:00,55,
12/09/2024 00:00,55,
13/09/2024 00:00,57,
14/09/2024 00:00,54,
15/09/2024 00:00,57,
16/09/2024 00:00,54,
17/09/2024 00:00,59,
18/09/2024 00:00,62,
19/09/2024 00:00,54,
20/09/2024 00:00,57,
21/09/2024 00:00,54,
22/09/2024 00:00,59,
23/09/2024 00:00,53,
24/09/2024 00:00,57,
25/09/2024 00:00,54,
26/09/2024 00:00,55,
27/09/2024 00:00,53,
28/09/2024 00:00,58,
29/09/2024 00:00,53,
30/09/2024 00:00,57,
01/10/2024 00:00,54,
02/10/2024 00:00,55,
03/10/2024 00:00,56,
04/10/2024 00:00,53,
05/10/2024 00:00,56,
06/10/2024 00:00,59,
07/10/2024 00:00,53,
08/10/2024 00:00,58,
09/10/2024 00:00,59,
10/10/2024 00:00,53,
11/10/2024 00:00,51,
12/10/2024 00:00,55,
13/10/2024 00:00,53,
14/10/2024 00:00,59,
15/10/2024 00:00,55,
16/10/2024 00:00,52,
17/10/2024 00:00,51,
18/10/2024 00:00,57,
19/10/2024 00:00,53,
20/10/2024 00:00,54,
21/10/2024 00:00,57,
22/10/2024 00:00,53,
23/10/2024 00:00,54,
24/10/2024 00:00,54,
25/10/2024 00:00,56,
26/10/2024 00:00,55,
27/10/2024 00:00,53,
28/10/2024 00:00,54,
29/10/2024 00:00,53,
30/10/2024 00:00,50,
31/10/2024 00:00,54,
01/11/2024 00:00,58,
02/11/2024 00:00,51,
03/11/2024 00:00,52,
04/11/2024 00:00,51,
05/11/2024 00:00,55,
06/11/2024 00:00,54,
07/11/2024 00:00,53,
08/11/2024 00:00,51,
09/11/2024 00:00,53,
10/11/2024 00:00,49,
11/11/2024 00:00,54,
12/11/2024 00:00,55,
13/11/2024 00:00,50,
14/11/2024 00:00,49,
15/11/2024 00:00,57,
16/11/2024 00:00,51,
17/11/2024 00:00,56,
18/11/2024 00:00,53,
19/11/2024 00:00,53,
20/11/2024 00:00,54,
21/11/2024 00:00,51,
22/11/2024 00:00,53,
23/11/2024 00:00,52,
24/11/2024 00:00,50,
25/11/2024 00:00,54,
26/11/2024 00:00,52,
27/11/2024 00:00,52,
28/11/2024 00:00,50,
29/11/2024 00:00,57,
30/11/2024 00:00,55,
01/12/2024 00:00,55,
02/12/2024 00:00,52,
03/12/2024 00:00,48,
04/12/2024 00:00,58,
05/12/2024 00:00,53,
06/12/2024 00:00,51,
07/12/2024 00:00,54,
08/12/2024 00:00,56,
09/12/2024 00:00,53,
10/12/2024 00:00,56,
11/12/2024 00:00,55,
12/12/2024 00:00,50,
13/12/2024 00:00,51,
14/12/2024 00:00,55,
15/12/2024 00:00,46,
16/12/2024 00:00,52,
17/12/2024 00:00,49,
18/12/2024 00:00,52,
19/12/2024 00:00,52,
20/12/2024 00:00,52,
21/12/2024 00:00,51,
22/12/2024 00:00,50,
23/12/2024 00:00,58,
24/12/2024 00:00,57,
25/12/2024 00:00,50,
26/12/2024 00:00,57,
27/12/2024 00:00,52,
28/12/2024 00:00,53,
29/12/2024 00:00,53,
30/12/2024 00:00,51,
31/12/2024 00:00,55,
01/01/2025 00:00,53,
02/01/2025 00:00,52,
03/01/2025 00:00,50,
04/01/2025 00:00,51,
05/01/2025 00:00,49,
06/01/2025 00:00,53,
07/01/2025 00:00,50,
08/01/2025 00:00,52,
09/01/2025 00:00,57,
10/01/2025 00:00,56,
11/01/2025 00:00,53,
12/01/2025 00:00,53,
13/01/2025 00:00,58,
14/01/2025 00:00,55,
15/01/2025 00:00,53,
16/01/2025 00:00,50,
17/01/2025 00:00,54,
18/01/2025 00:00,56,
19/01/2025 00:00,52,
20/01/2025 00:00,54,
21/01/2025 00:00,53,
22/01/2025 00:00,53,
23/01/2025 00:00,47,
24/01/2025 00:00,53,
25/01/2025 00:00,56,
26/01/2025 00:00,52,
27/01/2025 00:00,54,
28/01/2025 00:00,52,
29/01/2025 00:00,55,
30/01/2025 00:00,53,
31/01/2025 00:00,52,
01/02/2025 00:00,57,
02/02/2025 00:00,56,
03/02/2025 00:00,53,
04/02/2025 00:00,55,
05/02/2025 00:00,56,
06/02/2025 00:00,56,
07/02/2025 00:00,50,
08/02/2025 00:00,57,
09/02/2025 00:00,53,
10/02/2025 00:00,54,
11/02/2025 00:00,61,
12/02/2025 00:00,55,
13/02/2025 00:00,54,
14/02/2025 00:00,49,
15/02/2025 00:00,58,
16/02/2025 00:00,52,
17/02/2025 00:00,52,
18/02/2025 00:00,54,
19/02/2025 00:00,59,
20/02/2025 00:00,57,
21/02/2025 00:00,55,
22/02/2025 00:00,56,
23/02/2025 00:00,54,
24/02/2025 00:00,56,
25/02/2025 00:00,56,
26/02/2025 00:00,58,
27/02/2025 00:00,58,
28/02/2025 00:00,57,
01/03/2025 00:00,55,
02/03/2025 00:00,57,
03/03/2025 00:00,55,
04/03/2025 00:00,53,
05/03/2025 00:00,55,
06/03/2025 00:00,56,
07/03/2025 00:00,58,
08/03/2025 00:00,55,
09/03/2025 00:00,53,
10/03/2025 00:00,56,
11/03/2025 00:00,56,
12/03/2025 00:00,57,
13/03/2025 00:00,58,
14/03/2025 00:00,59,
15/03/2025 00:00,55,
16/03/2025 00:00,55,
17/03/2025 00:00,54,
18/03/2025 00:00,58,
19/03/2025 00:00,60,
20/03/2025 00:00,56,
21/03/2025 00:00,56,
22/03/2025 00:00,60,
23/03/2025 00:00,58,
24/03/2025 00:00,58,
25/03/2025 00:00,54,
26/03/2025 00:00,58,
27/03/2025 00:00,54,
28/03/2025 00:00,54,
29/03/2025 00:00,56,
30/03/2025 00:00,55,
31/03/2025 00:00,56,
01/04/2025 00:00,53,
02/04/2025 00:00,59,
03/04/2025 00:00,60,
04/04/2025 00:00,52,
05/04/2025 00:00,60,
06/04/2025 00:00,55,
07/04/2025 00:00,59,
08/04/2025 00:00,57,
09/04/2025 00:00,57,
10/04/2025 00:00,57,
11/04/2025 00:00,60,
12/04/2025 00:00,54,
13/04/2025 00:00,59,
14/04/2025 00:00,60,
15/04/2025 00:00,59,
16/04/2025 00:00,63,
17/04/2025 00:00,56,
18/04/2025 00:00,60,
19/04/2025 00:00,57,
20/04/2025 00:00,61,
21/04/2025 00:00,57,
22/04/2025 00:00,57,
23/04/2025 00:00,61,
24/04/2025 00:00,56,
25/04/2025 00:00,54,
26/04/2025 00:00,56,
27/04/2025 00:00,59,
28/04/2025 00:00,61,
29/04/2025 00:00,58,
30/04/2025 00:00,61,
01/05/2025 00:00,54,
02/05/2025 00:00,57,
03/05/2025 00:00,57,
04/05/2025 00:00,57,
05/05/2025 00:00,58,
06/05/2025 00:00,59,
07/05/2025 00:00,57,
08/05/2025 00:00,58,
09/05/2025 00:00,58,
10/05/2025 00:00,55,
11/05/2025 00:00,57,
12/05/2025 00:00,57,
13/05/2025 00:00,57,
14/05/2025 00:00,58,
15/05/2025 00:00,58,
16/05/2025 00:00,56,
17/05/2025 00:00,61,
18/05/2025 00:00,55,
19/05/2025 00:00,56,
20/05/2025 00:00,64,
21/05/2025 00:00,55,
22/05/2025 00:00,54,
23/05/2025 00:00,59,
24/05/2025 00:00,52,
25/05/2025 00:00,57,
26/05/2025 00:00,63,
27/05/2025 00:00,53,
28/05/2025 00:00,52,
29/05/2025 00:00,54,
30/05/2025 00:00,59,
31/05/2025 00:00,60,
01/06/2025 00:00,56,
02/06/2025 00:00,59,
03/06/2025 00:00,61,
04/06/2025 00:00,62,
05/06/2025 00:00,56,
06/06/2025 00:00,51,
07/06/2025 00:00,55,
08/06/2025 00:00,56,
09/06/2025 00:00,56,
10/06/2025 00:00,56,
11/06/2025 00:00,60,
12/06/2025 00:00,60,
13/06/2025 00:00,56,
14/06/2025 00:00,59,
15/06/2025 00:00,58,
16/06/2025 00:00,57,
17/06/2025 00:00,59,
18/06/2025 00:00,57,
19/06/2025 00:00,62,
20/06/2025 00:00,53,
21/06/2025 00:00,55,
22/06/2025 00:00,56,
23/06/2025 00:00,57,
24/06/2025 00:00,59,
25/06/2025 00:00,56,
26/06/2025 00:00,53,
27/06/2025 00:00,58,
28/06/2025 00:00,58,
29/06/2025 00:00,51,
30/06/2025 00:00,56,
01/07/2025 00:00,52,
02/07/2025 00:00,54,
03/07/2025 00:00,53,
04/07/2025 00:00,58,
05/07/2025 00:00,56,
06/07/2025 00:00,52,
07/07/2025 00:00,58,
08/07/2025 00:00,52,
09/07/2025 00:00,56,
10/07/2025 00:00,53,
11/07/2025 00:00,54,
12/07/2025 00:00,56,
13/07/2025 00:00,56,
14/07/2025 00:00,58,
15/07/2025 00:00,55,
16/07/2025 00:00,56,
17/07/2025 00:00,54,
18/07/2025 00:00,55,
19/07/2025 00:00,56,
20/07/2025 00:00,54,
21/07/2025 00:00,50,
22/07/2025 00:00,55,
23/07/2025 00:00,55,
24/07/2025 00:00,53,
25/07/2025 00:00,51,
26/07/2025 00:00,58,
27/07/2025 00:00,55,
28/07/2025 00:00,53,
29/07/2025 00:00,51,
30/07/2025 00:00,52,
31/07/2025 00:00,57,
01/08/2025 00:00,54,
02/08/2025 00:00,52,
03/08/2025 00:00,55,
04/08/2025 00:00,52,
05/08/2025 00:00,57,
06/08/2025 00:00,57,
07/08/2025 00:00,52,
08/08/2025 00:00,52,
09/08/2025 00:00,47,
10/08/2025 00:00,49,
11/08/2025 00:00,50,
12/08/2025 00:00,53,
13/08/2025 00:00,52,
14/08/2025 00:00,50,
15/08/2025 00:00,52,
16/08/2025 00:00,54,
17/08/2025 00:00,54,
18/08/2025 00:00,48,
19/08/2025 00:00,52,
20/08/2025 00:00,49,
21/08/2025 00:00,55,
22/08/2025 00:00,54,
23/08/2025 00:00,50,
24/08/2025 00:00,50,
25/08/2025 00:00,51,
26/08/2025 00:00,47,
27/08/2025 00:00,53,
28/08/2025 00:00,51,
29/08/2025 00:00,54,
30/08/2025 00:00,49,
31/08/2025 00:00,50,
01/09/2025 00:00,48,
02/09/2025 00:00,49,
03/09/2025 00:00,49,
04/09/2025 00:00,54,
05/09/2025 00:00,50,
06/09/2025 00:00,52,
07/09/2025 00:00,51,
08/09/2025 00:00,48,
09/09/2025 00:00,51,
10/09/2025 00:00,53,
11/09/2025 00:00,48,
12/09/2025 00:00,53,
13/09/2025 00:00,49,
14/09/2025 00:00,50,
15/09/2025 00:00,53,
16/09/2025 00:00,50,
17/09/2025 00:00,51,
18/09/2025 00:00,50,
19/09/2025 00:00,51,
20/09/2025 00:00,45,
21/09/2025 00:00,46,
22/09/2025 00:00,53,
23/09/2025 00:00,54,
24/09/2025 00:00,49,
25/09/2025 00:00,50,
26/09/2025 00:00,52,
27/09/2025 00:00,53,
28/09/2025 00:00,46,
29/09/2025 00:00,49,
30/09/2025 00:00,50,
01/10/2025 00:00,52,
02/10/2025 00:00,57,
03/10/2025 00:00,50,
04/10/2025 00:00,47,
05/10/2025 00:00,52,
06/10/2025 00:00,54,
07/10/2025 00:00,51,
08/10/2025 00:00,48,
09/10/2025 00:00,53,
10/10/2025 00:00,52,
11/10/2025 00:00,48,
12/10/2025 00:00,52,
13/10/2025 00:00,53,
14/10/2025 00:00,53,
15/10/2025 00:00,50,
16/10/2025 00:00,50,
17/10/2025 00:00,54,
18/10/2025 00:00,47,
19/10/2025 00:00,52,
20/10/2025 00:00,47,
21/10/2025 00:00,53,
22/10/2025 00:00,50,
23/10/2025 00:00,54,
24/10/2025 00:00,52,
25/10/2025 00:00,47,
26/10/2025 00:00,54,
27/10/2025 00:00,54,
28/10/2025 00:00,53,
29/10/2025 00:00,49,
30/10/2025 00:00,50,
31/10/2025 00:00,51,
01/11/2025 00:00,49,
02/11/2025 00:00,55,
03/11/2025 00:00,51,
04/11/2025 00:00,45,
05/11/2025 00:00,52,
06/11/2025 00:00,50,
07/11/2025 00:00,51,
08/11/2025 00:00,50,
09/11/2025 00:00,53,
10/11/2025 00:00,54,
11/11/2025 00:00,52,
12/11/2025 00:00,50,
13/11/2025 00:00,51,
14/11/2025 00:00,51,
15/11/2025 00:00,49,
16/11/2025 00:00,52,
17/11/2025 00:00,52,
18/11/2025 00:00,55,
19/11/2025 00:00,54,
20/11/2025 00:00,49,
21/11/2025 00:00,53,
22/11/2025 00:00,49,
23/11/2025 00:00,53,
24/11/2025 00:00,50,
25/11/2025 00:00,49,
26/11/2025 00:00,52,
27/11/2025 00:00,45,
28/11/2025 00:00,47,
29/11/2025 00:00,51,
30/11/2025 00:00,52,
01/12/2025 00:00,51,
02/12/2025 00:00,48,
03/12/2025 00:00,50,
04/12/2025 00:00,53,
05/12/2025 00:00,53,
06/12/2025 00:00,52,
07/12/2025 00:00,55,
08/12/2025 00:00,53,
09/12/2025 00:00,50,
10/12/2025 00:00,51,
11/12/2025 00:00,48,
12/12/2025 00:00,52,
13/12/2025 00:00,55,
14/12/2025 00:00,54,
15/12/2025 00:00,56,
16/12/2025 00:00,51,
17/12/2025 00:00,56,
18/12/2025 00:00,52,
19/12/2025 00:00,56,
20/12/2025 00:00,52,
21/12/2025 00:00,54,
22/12/2025 00:00,56,
23/12/2025 00:00,52,
24/12/2025 00:00,53,
25/12/2025 00:00,56,
26/12/2025 00:00,52,
27/12/2025 00:00,49,
28/12/2025 00:00,58,
29/12/2025 00:00,52,
30/12/2025 00:00,53,
31/12/2025 00:00,56,
